building	culture	battlefield_building	artpiece	artpiece_animated	description	icon
#building_culture_variants_tables;0;db/building_culture_variants_tables/building_culture_variants						
admiralty	european		EU_city_naval_lvl1		admiralty_european	EU_city_naval_lvl1
admiralty	indian		IND_city_naval_lvl1		admiralty_european	IND_city_naval_lvl1
admiralty	middle_east		OTT_city_naval_lvl1		admiralty_european	OTT_city_naval_lvl1
army_barracks	european		EU_town_military_lvl3		army_barracks_european	EU_town_military_lvl3
army_barracks	indian		IND_town_military_lvl3		army_barracks_european	IND_town_military_lvl3
army_barracks	middle_east		OTT_town_military_lvl3		army_barracks_european	OTT_town_military_lvl3
army_board	european		EU_town_military_lvl5_artillery		army_board_european	EU_town_military_lvl5_artillery
army_board	indian		IND_town_military_lvl5_artillery		army_board_european	IND_town_military_lvl5_artillery
army_board	middle_east		OTT_town_military_lvl5_artillery		army_board_european	OTT_town_military_lvl5_artillery
army_encampment	european		EU_town_military_lvl1		army_encampment_european	EU_town_military_lvl1
army_encampment	indian		IND_town_military_lvl1		army_encampment_indian	IND_town_military_lvl1
army_encampment	middle_east		OTT_town_military_lvl1		army_encampment_indian	OTT_town_military_lvl1
army_staff_college	european		EU_city_military_lvl5		army_staff_college_european	EU_city_military_lvl5
army_staff_college	indian		IND_city_military_lvl5		army_staff_college_european	IND_city_military_lvl5
army_staff_college	middle_east		OTT_city_military_lvl5		army_staff_college_european	OTT_city_military_lvl5
basic_roads	european		EU_building_placeholder		roads_basic	roads_basic
basic_roads	indian		EU_building_placeholder		roads_basic	roads_basic
basic_roads	middle_east		EU_building_placeholder		roads_basic	roads_basic
basic_roads	tribal		EU_building_placeholder		roads_basic	roads_basic
bawdy_house	european		EU_town_happy_lvl2		bawdy_house_european	EU_town_happy_lvl2
bawdy_house	indian		IND_town_happy_lvl2		bawdy_house_european	IND_town_happy_lvl2
bawdy_house	middle_east		OTT_town_happy_lvl2		bawdy_house_middle_east	OTT_town_happy_lvl2
cannon_foundry	european		EU_city_artillery_lvl1		cannon_foundry_european	EU_city_artillery_lvl1
cannon_foundry	indian		IND_city_artillery_lvl1		cannon_foundry_european	IND_city_artillery_lvl1
cannon_foundry	middle_east		OTT_city_artillery_lvl1		cannon_foundry_european	OTT_city_artillery_lvl1
ceramics_factory	european		EU_town_ind_lvl4_pottery		ceramics_factory_european	EU_town_ind_lvl4_pottery
ceramics_factory	indian		IND_town_ind_lvl4_pottery		ceramics_factory_european	IND_town_ind_lvl4_pottery
ceramics_factory	middle_east		OTT_town_ind_lvl4_pottery		ceramics_factory_european	OTT_town_ind_lvl4_pottery
coaching_inn	european		EU_town_happy_lvl1		coaching_inn_european	EU_town_happy_lvl1
coaching_inn	indian		IND_town_happy_lvl1		coaching_inn_indian	IND_town_happy_lvl1
coaching_inn	middle_east		OTT_town_happy_lvl1		coaching_inn_middle_east	OTT_town_happy_lvl1
coffee_warehouse	european		EU_resource_plantation_coffee_lvl3		coffee_warehouse_european	EU_resource_plantation_coffee_lvl3
coffee_warehouse	indian		IND_resource_plantation_coffee_lvl3		coffee_warehouse_european	IND_resource_plantation_coffee_lvl3
coffee_warehouse	middle_east		OTT_resource_plantation_coffee_lvl3		coffee_warehouse_european	OTT_resource_plantation_coffee_lvl3
college	european		EU_town_education_lvl2_secular		college_european	EU_town_education_lvl2_secular
college	indian		IND_town_education_lvl2_secular		college_indian	IND_town_education_lvl2_secular
college	middle_east		OTT_town_education_lvl2_secular		college_ottoman	OTT_town_education_lvl2_secular
commercial_basin	european		EU_port_trade_lvl3		commercial_basin_european	EU_port_trade_lvl3
commercial_basin	indian		IND_port_trade_lvl3		commercial_basin_european	IND_port_trade_lvl3
commercial_basin	middle_east		OTT_port_trade_lvl3		commercial_basin_european	OTT_port_trade_lvl3
commercial_port	european		EU_port_trade_lvl2		commercial_port_european	EU_port_trade_lvl2
commercial_port	indian		IND_port_trade_lvl2		commercial_port_european	IND_port_trade_lvl2
commercial_port	middle_east		OTT_port_trade_lvl2		commercial_port_european	OTT_port_trade_lvl2
conservatorium	european		EU_city_culture_lvl1		conservatorium_european	EU_city_culture_lvl1
conservatorium	indian		IND_city_culture_lvl1		conservatorium_indian	IND_city_culture_lvl1
conservatorium	middle_east		OTT_city_culture_lvl1		conservatorium_middle_east	OTT_city_culture_lvl1
corn_clearances	european			EU_resource_farm_lvl3_corn	sheep_clearances_european	EU_resource_farm_lvl3_corn
corn_clearances	indian			IND_resource_farm_lvl3_corn	sheep_clearances_european	IND_resource_farm_lvl3_corn
corn_clearances	middle_east			Ott_resource_farm_lvl3_corn	sheep_clearances_european	OTT_resource_farm_lvl3_corn
corn_great_estates	european			EU_resource_farm_lvl4_corn	sheep_great_estates_european	EU_resource_farm_lvl4_corn
corn_great_estates	indian			IND_resource_farm_lvl4_corn	sheep_great_estates_european	IND_resource_farm_lvl4_corn
corn_great_estates	middle_east			Ott_resource_farm_lvl4_corn	sheep_great_estates_european	OTT_resource_farm_lvl4_corn
corn_great_royal_palace	european		EU_resource_farm_lvl5_corn		sheep_great_royal_palace_european	EU_resource_farm_lvl5
corn_great_royal_palace	indian		IND_resource_farm_lvl5_corn		sheep_great_royal_palace_european	IND_resource_farm_lvl5
corn_great_royal_palace	middle_east		Ott_resource_farm_lvl5_corn		sheep_great_royal_palace_european	OTT_resource_farm_lvl5
corn_peasant_farms	european			EU_resource_farm_lvl1_corn	sheep_peasant_farms_european	EU_resource_farm_lvl1_corn
corn_peasant_farms	indian			IND_resource_farm_lvl1_corn	sheep_peasant_farms_european	IND_resource_farm_lvl1_corn
corn_peasant_farms	middle_east			Ott_resource_farm_lvl1_corn	sheep_peasant_farms_european	OTT_resource_farm_lvl1_corn
corn_tenanted_farms	european			EU_resource_farm_lvl2_corn	sheep_tenanted_farms_european	EU_resource_farm_lvl2_corn
corn_tenanted_farms	indian			IND_resource_farm_lvl2_corn	sheep_tenanted_farms_european	IND_resource_farm_lvl2_corn
corn_tenanted_farms	middle_east			Ott_resource_farm_lvl2_corn	sheep_tenanted_farms_european	OTT_resource_farm_lvl2_corn
cotton_warehouse	european		EU_resource_plantation_cotton_lvl3		coffee_warehouse_european	EU_resource_plantation_cotton_lvl3
cotton_warehouse	indian		IND_resource_plantation_cotton_lvl3		coffee_warehouse_european	IND_resource_plantation_cotton_lvl3
cotton_warehouse	middle_east		OTT_resource_plantation_cotton_lvl3		coffee_warehouse_european	OTT_resource_plantation_cotton_lvl3
craft_workshops_metal	european		eu_town_ind_lvl1_metalworks		craft_workshops_european	EU_town_ind_lvl1_metalworks
craft_workshops_metal	indian		IND_town_ind_lvl1_metalworks		craft_workshops_european	IND_town_ind_lvl1_metalworks
craft_workshops_metal	middle_east		OTT_town_ind_lvl1_metalworks		craft_workshops_european	OTT_town_ind_lvl1_metalworks
craft_workshops_metal	tribal		NA_town_craft_lvl01		craft_workshops_european	NA_town_craft_lvl01
craft_workshops_pottery	european		eu_town_ind_lvl1_pottery		craft_workshops_european	EU_town_ind_lvl1_pottery
craft_workshops_pottery	indian		IND_town_ind_lvl1_pottery		craft_workshops_european	IND_town_ind_lvl1_pottery
craft_workshops_pottery	middle_east		OTT_town_ind_lvl1_pottery		craft_workshops_european	OTT_town_ind_lvl1_pottery
craft_workshops_pottery	tribal		NA_town_craft_lvl01		craft_workshops_european	NA_town_craft_lvl01
craft_workshops_textiles	european		eu_town_ind_lvl1_weavers		craft_workshops_european	EU_town_ind_lvl1_weavers
craft_workshops_textiles	indian		IND_town_ind_lvl1_weavers		craft_workshops_european	IND_town_ind_lvl1_weavers
craft_workshops_textiles	middle_east		OTT_town_ind_lvl1_weavers		craft_workshops_european	OTT_town_ind_lvl1_weavers
craft_workshops_textiles	tribal		NA_town_craft_lvl01		craft_workshops_european	NA_town_craft_lvl01
deep_gem_shaft	european			EU_resource_mining_gems_lvl2_blend	deep_gem_shaft_european	EU_resource_mining_gems_lvl2
deep_gem_shaft	indian			IND_resource_mining_gems_lvl2	deep_gem_shaft_european	IND_resource_mining_gems_lvl2
deep_gem_shaft	middle_east			ott_resource_mining_gems_lvl2_blend	deep_gem_shaft_european	OTT_resource_mining_gems_lvl2
dockyard	european		EU_port_military_lvl2		dockyard_european	EU_port_military_lvl2
dockyard	indian		IND_port_military_lvl2		dockyard_european	IND_port_military_lvl2
dockyard	middle_east		OTT_port_military_lvl2		dockyard_european	OTT_port_military_lvl2
drill_school	european		EU_town_military_lvl4		drill_school_european	EU_town_military_lvl4
drill_school	indian		IND_town_military_lvl4		drill_school_european	IND_town_military_lvl4
drill_school	middle_east		OTT_town_military_lvl4		drill_school_european	OTT_town_military_lvl4
drydock	european		EU_port_military_lvl3		drydock_european	EU_port_military_lvl3
drydock	indian		IND_port_military_lvl3		drydock_european	IND_port_military_lvl3
drydock	middle_east		OTT_port_military_lvl3		drydock_european	OTT_port_military_lvl3
engineer_school	european		EU_city_artillery_lvl6		engineer_school_european	EU_city_artillery_lvl6
engineer_school	indian		IND_city_artillery_lvl6		engineer_school_european	IND_city_artillery_lvl6
engineer_school	middle_east		OTT_city_artillery_lvl6		engineer_school_european	OTT_city_artillery_lvl6
enlightened_university	european		EU_town_education_lvl4_secular		modern_university_european	EU_town_education_lvl4_secular
enlightened_university	indian		IND_town_education_lvl4_secular		modern_university_european	IND_town_education_lvl4_secular
enlightened_university	middle_east		OTT_town_education_lvl4_secular		modern_university_european	OTT_town_education_lvl4_secular
fishing_fleet	european		EU_port_fishing_lvl2		fishing_fleet_european	EU_port_fishing_lvl2
fishing_fleet	indian		IND_port_fishing_lvl2		fishing_fleet_european	IND_port_fishing_lvl2
fishing_fleet	middle_east		OTT_port_fishing_lvl2		fishing_fleet_european	OTT_port_fishing_lvl2
fishing_fleet	tribal		NA_resource_fishery_lvl02		fishing_fleet_tribal	NA_resource_fishery_lvl02
fur_exchange	european		EU_resource_furtrader_lvl3		fur_exchange_european	EU_resource_furtrader_lvl3
fur_exchange	indian		IND_resource_furtrader_lvl3		fur_exchange_european	IND_resource_furtrader_lvl3
fur_exchange	middle_east		OTT_resource_furtrader_lvl3		fur_exchange_european	OTT_resource_furtrader_lvl3
fur_market	european		EU_resource_furtrader_lvl2		fur_market_european	EU_resource_furtrader_lvl2
fur_market	indian		IND_resource_furtrader_lvl2		fur_market_european	IND_resource_furtrader_lvl2
fur_market	middle_east		OTT_resource_furtrader_lvl2		fur_market_european	OTT_resource_furtrader_lvl2
fur_market	tribal		NA_resource_tpost_lvl02		fur_market_tribal	NA_resource_tpost_lvl02
fur_merchant	european		EU_resource_furtrader_lvl1		fur_merchant_european	EU_resource_furtrader_lvl1
fur_merchant	indian		IND_resource_furtrader_lvl1		fur_merchant_european	IND_resource_furtrader_lvl1
fur_merchant	middle_east		OTT_resource_furtrader_lvl1		fur_merchant_european	OTT_resource_furtrader_lvl1
fur_merchant	tribal		NA_resource_tpost_lvl01		fur_merchant_tribal	NA_resource_tpost_lvl01
gold_mine	european			all_resource_mining_gold_lvl1_blend	gold_mine_european	ALL_resource_mining_gold_lvl1
gold_mine	indian			all_resource_mining_gold_lvl1_blend	gold_mine_european	ALL_resource_mining_gold_lvl1
gold_mine	middle_east			all_resource_mining_gold_lvl1_blend	gold_mine_european	ALL_resource_mining_gold_lvl1
gold_mine	tribal		NA_city_pitmine_lvl1_gold		gold_mine_tribal	NA_city_pitmine_lvl1_gold
governors_residence	european		EU_city_government_lvl2		governors_residence_european	EU_city_government_lvl2
governors_residence	indian		IND_city_government_lvl2		governors_residence_european	IND_city_government_lvl2
governors_residence	middle_east		OTT_city_government_lvl2		governors_residence_european	OTT_city_government_lvl2
grand_opera_house	european		EU_city_culture_lvl3_operahouse		grand_opera_house_european	EU_city_culture_lvl3_operahouse
grand_opera_house	indian		IND_city_culture_lvl3_garden		grand_opera_house_indian	IND_city_culture_lvl3_garden
grand_opera_house	middle_east		OTT_city_culture_lvl3_garden		grand_opera_house_middle_east	OTT_city_culture_lvl3_garden
great_arsenal	european		EU_city_artillery_lvl3		great_arsenal_european	EU_city_artillery_lvl3
great_arsenal	indian		IND_city_artillery_lvl3		great_arsenal_european	IND_city_artillery_lvl3
great_arsenal	middle_east		OTT_city_artillery_lvl3		great_arsenal_european	OTT_city_artillery_lvl3
great_museum	european		EU_city_culture_lvl4_museum		great_museum_european	EU_city_culture_lvl4_museum
great_museum	indian		IND_city_culture_lvl4_museum		great_museum_european	IND_city_culture_lvl4_museum
great_museum	middle_east		OTT_city_culture_lvl4_museum		great_museum_european	OTT_city_culture_lvl4_museum
gunnery_school	european		EU_city_artillery_lvl4		gunnery_school_european	EU_city_artillery_lvl4
gunnery_school	indian		IND_city_artillery_lvl4		gunnery_school_european	IND_city_artillery_lvl4
gunnery_school	middle_east		OTT_city_artillery_lvl4		gunnery_school_european	OTT_city_artillery_lvl4
improved_roads	european		EU_building_placeholder		roads_cobbled	roads_cobbled_roads
improved_roads	indian		EU_building_placeholder		roads_cobbled	roads_cobbled_roads
improved_roads	middle_east		EU_building_placeholder		roads_cobbled	roads_cobbled_roads
improved_settlement_fortifications	european	fort_star	EU_building_placeholder		settlement_fortifications_improved	EU_walls_2
improved_settlement_fortifications	indian	fort_indian	EU_building_placeholder		settlement_fortifications_improved	IND_walls_2
improved_settlement_fortifications	middle_east	fort_ottoman	EU_building_placeholder		settlement_fortifications_improved	OTT_walls_2
industrial_gold_mining_complex	european			eu_resource_mining_gold_lvl3_blend	industrial_gold_mining_complex_european	EU_resource_mining_gold_lvl3
industrial_gold_mining_complex	indian			IND_resource_mining_gold_lvl3	industrial_gold_mining_complex_european	IND_resource_mining_gold_lvl3
industrial_gold_mining_complex	middle_east			ott_resource_mining_gold_lvl3_blend	industrial_gold_mining_complex_european	OTT_resource_mining_gold_lvl3
industrial_iron_mining_complex	european			eu_resource_mining_iron_lvl3_blend	industrial_gold_mining_complex_european	EU_resource_mining_iron_lvl3
industrial_iron_mining_complex	indian			IND_resource_mining_iron_lvl3	industrial_gold_mining_complex_european	IND_resource_mining_iron_lvl3
industrial_iron_mining_complex	middle_east			ott_resource_mining_iron_lvl3_blend	industrial_gold_mining_complex_european	OTT_resource_mining_iron_lvl3
industrial_silver_mining_complex	european			eu_resource_mining_silver_lvl3_blend	industrial_gold_mining_complex_european	EU_resource_mining_silver_lvl3
industrial_silver_mining_complex	indian			IND_resource_mining_silver_lvl3	industrial_gold_mining_complex_european	IND_resource_mining_silver_lvl3
industrial_silver_mining_complex	middle_east			ott_resource_mining_silver_lvl3_blend	industrial_gold_mining_complex_european	OTT_resource_mining_silver_lvl3
iron_mine	european			all_resource_mining_iron_lvl1_blend	gold_mine_european	ALL_resource_mining_iron_lvl1
iron_mine	indian			all_resource_mining_iron_lvl1_blend	gold_mine_european	ALL_resource_mining_iron_lvl1
iron_mine	middle_east			all_resource_mining_iron_lvl1_blend	gold_mine_european	ALL_resource_mining_iron_lvl1
iron_mine	tribal		NA_city_pitmine_lvl1_iron		iron_mine_tribal	NA_city_pitmine_lvl1_iron
iron_workshops	european		EU_town_ind_lvl2_metalworks		iron_workshops_european	EU_town_ind_lvl2_metalworks
iron_workshops	indian		IND_town_ind_lvl2_metalworks		iron_workshops_european	IND_town_ind_lvl2_metalworks
iron_workshops	middle_east		OTT_town_ind_lvl2_metalworks		iron_workshops_european	OTT_town_ind_lvl2_metalworks
iron_workshops	tribal		NA_town_craft_lvl02smithy		iron_workshops_tribal	NA_town_craft_lvl02smithy
ironmasters_works	european		EU_town_ind_lvl3_metalworks		ironmasters_works_european	EU_town_ind_lvl3_metalworks
ironmasters_works	indian		IND_town_ind_lvl3_metalworks		ironmasters_works_european	IND_town_ind_lvl3_metalworks
ironmasters_works	middle_east		OTT_town_ind_lvl3_metalworks		ironmasters_works_european	OTT_town_ind_lvl3_metalworks
kilns	european		EU_town_ind_lvl3_pottery		kilns_european	EU_town_ind_lvl3_pottery
kilns	indian		IND_town_ind_lvl3_pottery		kilns_european	IND_town_ind_lvl3_pottery
kilns	middle_east		OTT_town_ind_lvl3_pottery		kilns_european	OTT_town_ind_lvl3_pottery
large_coffee_plantation	european		EU_resource_plantation_coffee_lvl2		large_coffee_plantation_european	EU_resource_plantation_coffee_lvl2
large_coffee_plantation	indian		IND_resource_plantation_coffee_lvl2		large_coffee_plantation_european	IND_resource_plantation_coffee_lvl2
large_coffee_plantation	middle_east		OTT_resource_plantation_coffee_lvl2		large_coffee_plantation_european	OTT_resource_plantation_coffee_lvl2
large_cotton_plantation	european		EU_resource_plantation_cotton_lvl2		large_coffee_plantation_european	EU_resource_plantation_cotton_lvl2
large_cotton_plantation	indian		IND_resource_plantation_cotton_lvl2		large_coffee_plantation_european	IND_resource_plantation_cotton_lvl2
large_cotton_plantation	middle_east		OTT_resource_plantation_cotton_lvl2		large_coffee_plantation_european	OTT_resource_plantation_cotton_lvl2
large_spices_plantation	european		EU_resource_plantation_spices_lvl2		large_coffee_plantation_european	EU_resource_plantation_spices_lvl2
large_spices_plantation	indian		IND_resource_plantation_spices_lvl2		large_coffee_plantation_european	IND_resource_plantation_spices_lvl2
large_spices_plantation	middle_east		OTT_resource_plantation_spices_lvl2		large_coffee_plantation_european	OTT_resource_plantation_spices_lvl2
large_sugar_plantation	european		EU_resource_plantation_sugar_lvl2		large_coffee_plantation_european	EU_resource_plantation_sugar_lvl2
large_sugar_plantation	indian		IND_resource_plantation_sugar_lvl2		large_coffee_plantation_european	IND_resource_plantation_sugar_lvl2
large_sugar_plantation	middle_east		OTT_resource_plantation_sugar_lvl2		large_coffee_plantation_european	OTT_resource_plantation_sugar_lvl2
large_tea_plantation	european		EU_resource_plantation_tea_lvl2		large_coffee_plantation_european	EU_resource_plantation_tea_lvl2
large_tea_plantation	indian		IND_resource_plantation_tea_lvl2		large_coffee_plantation_european	IND_resource_plantation_tea_lvl2
large_tea_plantation	middle_east		OTT_resource_plantation_tea_lvl2		large_coffee_plantation_european	OTT_resource_plantation_tea_lvl2
large_tobacco_plantation	european		EU_resource_plantation_tobacco_lvl2		large_coffee_plantation_european	EU_resource_plantation_tobacco_lvl2
large_tobacco_plantation	indian		IND_resource_plantation_tobacco_lvl2		large_coffee_plantation_european	IND_resource_plantation_tobacco_lvl2
large_tobacco_plantation	middle_east		OTT_resource_plantation_tobacco_lvl2		large_coffee_plantation_european	OTT_resource_plantation_tobacco_lvl2
local_fishery	european		EU_port_fishing_lvl1		local_fishery_european	EU_port_fishing_lvl1
local_fishery	indian		IND_port_fishing_lvl1		local_fishery_european	IND_port_fishing_lvl1
local_fishery	middle_east		OTT_port_fishing_lvl1		local_fishery_european	OTT_port_fishing_lvl1
local_fishery	tribal		NA_resource_fishery_lvl01		local_fishery_tribal	NA_resource_fishery_lvl01
magistrate	european		EU_city_government_lvl1		magistrate_european	EU_city_government_lvl1
magistrate	indian		IND_city_government_lvl1		magistrate_indian	IND_city_government_lvl1
magistrate	middle_east		OTT_city_government_lvl1		magistrate_european	OTT_city_government_lvl1
major_fishery	european		EU_port_fishing_lvl3		major_fishery_european	EU_port_fishing_lvl3
major_fishery	indian		IND_port_fishing_lvl3		major_fishery_european	IND_port_fishing_lvl3
major_fishery	middle_east		OTT_port_fishing_lvl3		major_fishery_european	OTT_port_fishing_lvl3
military_academy	european		EU_town_military_lvl5_barracks		military_academy_european	EU_town_military_lvl5_barracks
military_academy	indian		IND_town_military_lvl5_barracks		military_academy_european	IND_town_military_lvl5_barracks
military_academy	middle_east		OTT_town_military_lvl5_barracks		military_academy_european	OTT_town_military_lvl5_barracks
minor_governors_barracks	european		EU_city_military_lvl4		barracks_european	EU_city_military_lvl4
minor_governors_barracks	indian		IND_city_military_lvl4		barracks_indian	IND_city_military_lvl4
minor_governors_barracks	middle_east		OTT_city_military_lvl4		barracks_middle_east	OTT_city_military_lvl4
minor_governors_encampment	european		EU_city_military_lvl3		army_encampment_european	EU_city_military_lvl3
minor_governors_encampment	indian		IND_city_military_lvl3		army_encampment_indian	IND_city_military_lvl3
minor_governors_encampment	middle_east		OTT_city_military_lvl3		army_encampment_indian	OTT_city_military_lvl3
minor_governors_residence	european		EU_city_government_lvl2		governors_residence_european	EU_city_government_lvl2
minor_governors_residence	indian		IND_city_government_lvl2		governors_residence_european	IND_city_government_lvl2
minor_governors_residence	middle_east		OTT_city_government_lvl2		governors_residence_european	OTT_city_government_lvl2
minor_magistrate	european		EU_city_government_lvl1		magistrate_european	EU_city_government_lvl1
minor_magistrate	indian		IND_city_government_lvl1		magistrate_indian	IND_city_government_lvl1
minor_magistrate	middle_east		OTT_city_government_lvl1		magistrate_european	OTT_city_government_lvl1
naval_board	european		EU_city_naval_lvl2		naval_board_european	EU_city_naval_lvl2
naval_board	indian		IND_city_naval_lvl2		naval_board_european	IND_city_naval_lvl2
naval_board	middle_east		OTT_city_naval_lvl2		naval_board_european	OTT_city_naval_lvl2
naval_college	european		EU_city_naval_lvl3		naval_college_european	EU_city_naval_lvl3
naval_college	indian		IND_city_naval_lvl3		naval_college_european	IND_city_naval_lvl3
naval_college	middle_east		OTT_city_naval_lvl3		naval_college_european	OTT_city_naval_lvl3
naval_hospital	european		EU_port_military_lvl4_hospital		naval_hospital_european	EU_port_military_lvl4_hospital
naval_hospital	indian		IND_port_military_lvl4_hospital		naval_hospital_european	IND_port_military_lvl4_hospital
naval_hospital	middle_east		OTT_port_military_lvl4_hospital		naval_hospital_european	OTT_port_military_lvl4_hospital
open_gem_pit	european			all_resource_mining_gems_lvl1_blend	open_gem_pit_european	ALL_resource_mining_gems_lvl1
open_gem_pit	indian			all_resource_mining_gems_lvl1_blend	open_gem_pit_european	ALL_resource_mining_gems_lvl1
open_gem_pit	middle_east			all_resource_mining_gems_lvl1_blend	open_gem_pit_european	ALL_resource_mining_gems_lvl1
open_gem_pit	tribal		NA_city_pitmine_lvl1_gems		open_gem_pit_tribal	NA_city_pitmine_lvl1_gems
opera_house	european		EU_city_culture_lvl2		opera_house_european	EU_city_culture_lvl2
opera_house	indian		IND_city_culture_lvl2		opera_house_indian	IND_city_culture_lvl2
opera_house	middle_east		OTT_city_culture_lvl2		opera_house_middle_east	OTT_city_culture_lvl2
ordnance_board	european		EU_city_artillery_lvl5		ordnance_board_european	EU_city_artillery_lvl5
ordnance_board	indian		IND_city_artillery_lvl5		ordnance_board_european	IND_city_artillery_lvl5
ordnance_board	middle_east		OTT_city_artillery_lvl5		ordnance_board_european	OTT_city_artillery_lvl5
ordnance_factory	european		EU_city_artillery_lvl2		ordnance_factory_european	EU_city_artillery_lvl2
ordnance_factory	indian		IND_city_artillery_lvl2		ordnance_factory_european	IND_city_artillery_lvl2
ordnance_factory	middle_east		OTT_city_artillery_lvl2		ordnance_factory_european	OTT_city_artillery_lvl2
pleasure_gardens	european		EU_town_happy_lvl4		pleasure_gardens_european	EU_town_happy_lvl4
pleasure_gardens	indian		IND_town_happy_lvl4		pleasure_gardens_indian	IND_town_happy_lvl4
pleasure_gardens	middle_east		OTT_town_happy_lvl4		pleasure_gardens_indian	OTT_town_happy_lvl4
pottery_workshops	european		EU_town_ind_lvl2_pottery		pottery_workshops_european	EU_town_ind_lvl2_pottery
pottery_workshops	indian		IND_town_ind_lvl2_pottery		pottery_workshops_european	IND_town_ind_lvl2_pottery
pottery_workshops	middle_east		OTT_town_ind_lvl2_pottery		pottery_workshops_european	OTT_town_ind_lvl2_pottery
pottery_workshops	tribal		NA_town_craft_lvl02pots		pottery_workshops_tribal	NA_town_craft_lvl02pots
rice_farming_commune	european		EU_resource_ricepaddy_lvl3		rice_farming_commune_european	EU_resource_ricepaddy_lvl3
rice_farming_commune	indian		IND_resource_ricepaddy_lvl3		rice_farming_commune_european	IND_resource_ricepaddy_lvl3
rice_farming_commune	middle_east		OTT_resource_ricepaddy_lvl3		rice_farming_commune_european	OTT_resource_ricepaddy_lvl3
rice_farms	european		EU_resource_ricepaddy_lvl2		rice_farms_european	EU_resource_ricepaddy_lvl2
rice_farms	indian		IND_resource_ricepaddy_lvl2		rice_farms_european	IND_resource_ricepaddy_lvl2
rice_farms	middle_east		OTT_resource_ricepaddy_lvl2		rice_farms_european	OTT_resource_ricepaddy_lvl2
rice_paddies	european		EU_resource_ricepaddy_lvl1		rice_paddies_european	EU_resource_ricepaddy_lvl1
rice_paddies	indian		IND_resource_ricepaddy_lvl1		rice_paddies_european	IND_resource_ricepaddy_lvl1
rice_paddies	middle_east		OTT_resource_ricepaddy_lvl1		rice_paddies_european	OTT_resource_ricepaddy_lvl1
rice_paddies	tribal		NA_resource_plantation_lvl1_blend		rice_paddies_tribal	NA_resource_plantation_lvl01
school	european		EU_town_education_lvl1		school_european	EU_town_education_lvl1
school	indian		IND_town_education_lvl1		school_european	IND_town_education_lvl1
school	middle_east		OTT_town_education_lvl1		school_european	OTT_town_education_lvl1
settlement_fortifications	european	fort_town	EU_building_placeholder		settlement_fortifications	OTT_walls_1
settlement_fortifications	indian	fort_indian_small	EU_building_placeholder		settlement_fortifications	IND_walls_1
settlement_fortifications	middle_east	fort_ottoman_small	EU_building_placeholder		settlement_fortifications	EU_walls_1
sheep_clearances	european			EU_resource_farm_lvl3_sheep	sheep_clearances_european	EU_resource_farm_lvl3_sheep
sheep_clearances	indian			IND_resource_farm_lvl3_sheep	sheep_clearances_european	IND_resource_farm_lvl3_sheep
sheep_clearances	middle_east			Ott_resource_farm_lvl3_sheep	sheep_clearances_european	OTT_resource_farm_lvl3_sheep
sheep_great_estates	european			EU_resource_farm_lvl4_sheep	sheep_great_estates_european	EU_resource_farm_lvl4_sheep
sheep_great_estates	indian			IND_resource_farm_lvl4_sheep	sheep_great_estates_european	IND_resource_farm_lvl4_sheep
sheep_great_estates	middle_east			Ott_resource_farm_lvl4_sheep	sheep_great_estates_european	OTT_resource_farm_lvl4_sheep
sheep_great_royal_palace	european		EU_resource_farm_lvl5_sheep		sheep_great_royal_palace_european	EU_resource_farm_lvl5
sheep_great_royal_palace	indian		IND_resource_farm_lvl5_sheep		sheep_great_royal_palace_european	IND_resource_farm_lvl5
sheep_great_royal_palace	middle_east		Ott_resource_farm_lvl5_sheep		sheep_great_royal_palace_european	OTT_resource_farm_lvl5
sheep_peasant_farms	european			EU_resource_farm_lvl1_sheep	sheep_peasant_farms_european	EU_resource_farm_lvl1_sheep
sheep_peasant_farms	indian			IND_resource_farm_lvl1_sheep	sheep_peasant_farms_european	IND_resource_farm_lvl1_sheep
sheep_peasant_farms	middle_east			Ott_resource_farm_lvl1_sheep	sheep_peasant_farms_european	OTT_resource_farm_lvl1_sheep
sheep_peasant_farms	tribal			NA_resource_ sheepfarm_lvl01_blend	sheep_peasant_farms_tribal	NA_resource_cornfarm_lvl01
sheep_tenanted_farms	european			EU_resource_farm_lvl2_sheep	sheep_tenanted_farms_european	EU_resource_farm_lvl2_sheep
sheep_tenanted_farms	indian			IND_resource_farm_lvl2_sheep	sheep_tenanted_farms_european	IND_resource_farm_lvl2_sheep
sheep_tenanted_farms	middle_east			Ott_resource_farm_lvl2_sheep	sheep_tenanted_farms_european	OTT_resource_farm_lvl2_sheep
sheep_tenanted_farms	tribal			NA_resource_ sheepfarm_lvl02_blend	sheep_tenanted_farms_tribal	NA_resource_cornfarm_lvl02
shipyard	european		EU_port_military_lvl1		shipyard_european	EU_port_military_lvl1
shipyard	indian		IND_port_military_lvl1		shipyard_european	IND_port_military_lvl1
shipyard	middle_east		OTT_port_military_lvl1		shipyard_european	OTT_port_military_lvl1
silver_mine	european			all_resource_mining_silver_lvl1_blend	gold_mine_european	ALL_resource_mining_silver_lvl1
silver_mine	indian			all_resource_mining_silver_lvl1_blend	gold_mine_european	ALL_resource_mining_silver_lvl1
silver_mine	middle_east			all_resource_mining_silver_lvl1_blend	gold_mine_european	ALL_resource_mining_silver_lvl1
silver_mine	tribal		NA_city_pitmine_lvl1_silver		silver_mine_tribal	NA_city_pitmine_lvl1_silver
small_coffee_plantation	european		EU_resource_plantation_coffee_lvl1		small_coffee_plantation_european	EU_resource_plantation_coffee_lvl1
small_coffee_plantation	indian		IND_resource_plantation_coffee_lvl1		small_coffee_plantation_european	IND_resource_plantation_coffee_lvl1
small_coffee_plantation	middle_east		OTT_resource_plantation_coffee_lvl1		small_coffee_plantation_european	OTT_resource_plantation_coffee_lvl1
small_coffee_plantation	tribal		NA_resource_plantation_lvl1_coffee_blend		small_coffee_plantation_tribal	NA_resource_plantation_lvl1_coffee_blend
small_cotton_plantation	european		EU_resource_plantation_cotton_lvl1		small_coffee_plantation_european	EU_resource_plantation_cotton_lvl1
small_cotton_plantation	indian		IND_resource_plantation_cotton_lvl1		small_coffee_plantation_european	IND_resource_plantation_cotton_lvl1
small_cotton_plantation	middle_east		OTT_resource_plantation_cotton_lvl1		small_coffee_plantation_european	OTT_resource_plantation_cotton_lvl1
small_cotton_plantation	tribal		NA_resource_plantation_lvl1_cotton_blend		small_coffee_plantation_tribal	NA_resource_plantation_lvl1_cotton_blend
small_spices_plantation	european		EU_resource_plantation_spices_lvl1		small_coffee_plantation_european	EU_resource_plantation_spices_lvl1
small_spices_plantation	indian		IND_resource_plantation_spices_lvl1		small_coffee_plantation_european	IND_resource_plantation_spices_lvl1
small_spices_plantation	middle_east		OTT_resource_plantation_spices_lvl1		small_coffee_plantation_european	OTT_resource_plantation_spices_lvl1
small_sugar_plantation	european		EU_resource_plantation_sugar_lvl1		small_coffee_plantation_european	EU_resource_plantation_sugar_lvl1
small_sugar_plantation	indian		IND_resource_plantation_sugar_lvl1		small_coffee_plantation_european	IND_resource_plantation_sugar_lvl1
small_sugar_plantation	middle_east		OTT_resource_plantation_sugar_lvl1		small_coffee_plantation_european	OTT_resource_plantation_sugar_lvl1
small_sugar_plantation	tribal		NA_resource_plantation_lvl1_sugar_blend		small_coffee_plantation_tribal	NA_resource_plantation_lvl1_sugar_blend
small_tea_plantation	european		EU_resource_plantation_tea_lvl1		small_coffee_plantation_european	EU_resource_plantation_tea_lvl1
small_tea_plantation	indian		IND_resource_plantation_tea_lvl1		small_coffee_plantation_european	IND_resource_plantation_tea_lvl1
small_tea_plantation	middle_east		OTT_resource_plantation_tea_lvl1		small_coffee_plantation_european	OTT_resource_plantation_tea_lvl1
small_tea_plantation	tribal		NA_resource_plantation_lvl1_tea_blend		small_coffee_plantation_tribal	NA_resource_plantation_lvl1_tea_blend
small_tobacco_plantation	european		EU_resource_plantation_tobacco_lvl1		small_coffee_plantation_european	EU_resource_plantation_tobacco_lvl1
small_tobacco_plantation	indian		IND_resource_plantation_tobacco_lvl1		small_coffee_plantation_european	IND_resource_plantation_tobacco_lvl1
small_tobacco_plantation	middle_east		OTT_resource_plantation_tobacco_lvl1		small_coffee_plantation_european	OTT_resource_plantation_tobacco_lvl1
small_tobacco_plantation	tribal		NA_resource_plantation_lvl1_tobacco_blend		small_coffee_plantation_tribal	NA_resource_plantation_lvl1_tobacco_blend
spices_warehouse	european		EU_resource_plantation_spices_lvl3		coffee_warehouse_european	EU_resource_plantation_spices_lvl3
spices_warehouse	indian		IND_resource_plantation_spices_lvl3		coffee_warehouse_european	IND_resource_plantation_spices_lvl3
spices_warehouse	middle_east		OTT_resource_plantation_spices_lvl3		coffee_warehouse_european	OTT_resource_plantation_spices_lvl3
star_fort	european	fort_star	EU_Fort_lvl5		star_fort_european	EU_Fort_lvl5
star_fort	indian	fort_indian	IND_Fort_lvl5		star_fort_indian	IND_Fort_lvl5
star_fort	middle_east	fort_ottoman	OTT_Fort_lvl5		star_fort_indian	OTT_Fort_lvl5
steam_drydock	european		EU_port_military_lvl4_steam		steam_drydock_european	EU_port_military_lvl4_steam
steam_drydock	indian		IND_port_military_lvl4_steam		steam_drydock_european	IND_port_military_lvl4_steam
steam_drydock	middle_east		OTT_port_military_lvl4_steam		steam_drydock_european	OTT_port_military_lvl4_steam
steam_engine_factory	european			eu_town_ind_lvl4_metalworks	steam_engine_factory_european	EU_town_ind_lvl4_metalworks
steam_engine_factory	indian			ott_town_ind_lvl4_metalworks	steam_engine_factory_indian	IND_town_ind_lvl4_metalworks
steam_engine_factory	middle_east			ott_town_ind_lvl4_metalworks	steam_engine_factory_indian	OTT_town_ind_lvl4_metalworks
steam-powered_cloth_mill	european			eu_town_ind_lvl4_weavers	steam-powered_cloth_mill_european	EU_town_ind_lvl4_weavers
steam-powered_cloth_mill	indian			IND_town_ind_lvl4_weavers	steam-powered_cloth_mill_european	IND_town_ind_lvl4_weavers
steam-powered_cloth_mill	middle_east			ott_town_ind_lvl4_weavers	steam-powered_cloth_mill_european	OTT_town_ind_lvl4_weavers
steam-powered_sugar_mill	european			eu_resource_plantation_sugar_lvl4	steam-powered_sugar_mill_european	EU_resource_plantation_sugar_lvl4
steam-powered_sugar_mill	indian			IND_resource_plantation_sugar_lvl4	steam-powered_sugar_mill_european	IND_resource_plantation_sugar_lvl4
steam-powered_sugar_mill	middle_east			ott_resource_plantation_sugar_lvl4	steam-powered_sugar_mill_european	OTT_resource_plantation_sugar_lvl4
steam-pumped_gold_mine	european			eu_resource_mining_gold_lvl2_blend	steam-pumped_gold_mine_european	EU_resource_mining_gold_lvl2
steam-pumped_gold_mine	indian			IND_resource_mining_gold_lvl2	steam-pumped_gold_mine_european	IND_resource_mining_gold_lvl2
steam-pumped_gold_mine	middle_east			ott_resource_mining_gold_lvl2_blend	steam-pumped_gold_mine_european	OTT_resource_mining_gold_lvl2
steam-pumped_iron_mine	european			eu_resource_mining_iron_lvl2_blend	steam-pumped_gold_mine_european	EU_resource_mining_iron_lvl2
steam-pumped_iron_mine	indian			IND_resource_mining_iron_lvl2	steam-pumped_gold_mine_european	IND_resource_mining_iron_lvl2
steam-pumped_iron_mine	middle_east			ott_resource_mining_iron_lvl2_blend	steam-pumped_gold_mine_european	OTT_resource_mining_iron_lvl2
steam-pumped_silver_mine	european			eu_resource_mining_silver_lvl2_blend	steam-pumped_gold_mine_european	EU_resource_mining_silver_lvl2
steam-pumped_silver_mine	indian			IND_resource_mining_silver_lvl2	steam-pumped_gold_mine_european	IND_resource_mining_silver_lvl2
steam-pumped_silver_mine	middle_east			ott_resource_mining_silver_lvl2_blend	steam-pumped_gold_mine_european	OTT_resource_mining_silver_lvl2
sugar_warehouse	european		EU_resource_plantation_sugar_lvl3		coffee_warehouse_european	EU_resource_plantation_sugar_lvl3
sugar_warehouse	indian		IND_resource_plantation_sugar_lvl3		coffee_warehouse_european	IND_resource_plantation_sugar_lvl3
sugar_warehouse	middle_east		OTT_resource_plantation_sugar_lvl3		coffee_warehouse_european	OTT_resource_plantation_sugar_lvl3
tarmac_roads	european		EU_building_placeholder		roads_metalled	roads_tarmac
tarmac_roads	indian		EU_building_placeholder		roads_metalled_indian	roads_tarmac
tarmac_roads	middle_east		EU_building_placeholder		roads_metalled	roads_tarmac
tea_warehouse	european		EU_resource_plantation_tea_lvl2		coffee_warehouse_european	EU_resource_plantation_tea_lvl2
tea_warehouse	indian		IND_resource_plantation_tea_lvl3		coffee_warehouse_european	IND_resource_plantation_tea_lvl3
tea_warehouse	middle_east		OTT_resource_plantation_tea_lvl3		coffee_warehouse_european	OTT_resource_plantation_tea_lvl3
theatre	european		EU_town_happy_lvl3		theatre_european	EU_town_happy_lvl3
theatre	indian		IND_town_happy_lvl3		theatre_indian	IND_town_happy_lvl3
theatre	middle_east		OTT_town_happy_lvl3		theatre_middle_east	OTT_town_happy_lvl3
timber_logging_camp	european		EU_resource_timber_lvl1		timber_logging_camp_european	EU_resource_timber_lvl1
timber_logging_camp	indian		IND_resource_timber_lvl1		timber_logging_camp_european	IND_resource_timber_lvl1
timber_logging_camp	middle_east		OTT_resource_timber_lvl1		timber_logging_camp_european	OTT_resource_timber_lvl1
timber_lumber_mill	european			eu_resource_timber_lvl2_blend	timber_lumber_mill_european	EU_resource_timber_lvl2
timber_lumber_mill	indian			IND_resource_timber_lvl2	timber_lumber_mill_european	IND_resource_timber_lvl2
timber_lumber_mill	middle_east			ott_resource_timber_lvl2	timber_lumber_mill_european	OTT_resource_timber_lvl2
tobacco_warehouse	european		EU_resource_plantation_tobacco_lvl3		coffee_warehouse_european	EU_resource_plantation_tobacco_lvl3
tobacco_warehouse	indian		IND_resource_plantation_tobacco_lvl3		coffee_warehouse_european	IND_resource_plantation_tobacco_lvl3
tobacco_warehouse	middle_east		OTT_resource_plantation_tobacco_lvl3		coffee_warehouse_european	OTT_resource_plantation_tobacco_lvl3
trading_company	european		EU_port_trade_lvl4		trading_company_european	EU_port_trade_lvl4
trading_company	indian		IND_port_trade_lvl4		trading_company_european	IND_port_trade_lvl4
trading_company	middle_east		OTT_port_trade_lvl4		trading_company_european	OTT_port_trade_lvl4
trading_port	european		EU_port_trade_lvl1		trading_port_european	EU_port_trade_lvl1
trading_port	indian		IND_port_trade_lvl1		trading_port_european	IND_port_trade_lvl1
trading_port	middle_east		OTT_port_trade_lvl1		trading_port_european	OTT_port_trade_lvl1
tribal_ancestral_ground	tribal		NA_city_religious_lvl3		grand_opera_house_tribal	NA_city_religious_lvl3
tribal_burial_ground	tribal		NA_city_religious_lvl2		opera_house_tribal	NA_city_religious_lvl2
tribal_chiefs_lodge	tribal		NA_city_chief_lvl02		governors_residence_tribal	NA_city_chief_lvl02
tribal_confederation_of_tribes	tribal		NA_city_chief_lvl04		confederation_of_tribes_tribal	NA_city_chief_lvl04
tribal_corn_communal_farms	tribal		NA_resource_cornfarm_lvl02		corn_tenanted_farms_tribal	NA_resource_cornfarm_lvl02
tribal_corn_subsistence_farms	tribal		NA_resource_cornfarm_lvl01		corn_peasant_farms_tribal	NA_resource_cornfarm_lvl01
tribal_council_of_elders	tribal		NA_city_chief_lvl01		magistrate_tribal	NA_city_chief_lvl01
tribal_drill_grounds	tribal		NA_town_warrior_lvl01		military_billets_tribal	NA_town_warrior_lvl01
tribal_gunsmith	tribal		NA_city_market_lvl2		tribal_gunsmith_tribal	NA_city_market_lvl2
tribal_high_chiefs_lodge	tribal		NA_city_chief_lvl03		governors_mansion_tribal_gov_absolute_monarchy	NA_city_chief_lvl03
tribal_holy_ground	tribal		NA_city_religious_lvl1		conservatorium_tribal	NA_city_religious_lvl1
tribal_horse_breeder	tribal		NA_town_horse_lvl01		tribal_horse_breeder_tribal	NA_town_horse_lvl01
tribal_hunting_grounds	tribal		NA_town_warrior_lvl02		tribal_hunting_grounds_tribal	NA_town_warrior_lvl02
tribal_meeting_hall	tribal		NA_town_happy_lvl02		bawdy_house_tribal	NA_town_happy_lvl02
tribal_practice_fields	tribal			NA_town_horse_lvl02	tibal_practice_fields_tribal	NA_town_horse_lvl02
tribal_shamanic_gateway	tribal		NA_town_spiritual_lvl02		tribal_shamanic_gateway_tribal	NA_town_spiritual_lvl02
tribal_spiritual_circle	tribal		NA_town_spiritual_lvl01		tribal_spiritual_circle_tribal	NA_town_spiritual_lvl01
tribal_village_longhouse	tribal		NA_town_happy_lvl01		coaching_inn_tribal	NA_town_happy_lvl01
tribal_warrior_lodge	tribal		NA_town_warrior_lvl03		tribal_warrior_lodge_tribal	NA_town_warrior_lvl03
tribal_wheat_communal_farms	tribal		NA_resource_wheatfarm_lvl2_blend		wheat_tenanted_farms_tribal	NA_resource_wheatfarm_lvl2_blend
tribal_wheat_subsistence_farms	tribal		NA_resource_wheatfarm_lvl1_blend		wheat_peasant_farms_tribal	NA_resource_wheatfarm_lvl1_blend
university	european		EU_town_education_lvl3_secular		university_european	EU_town_education_lvl3_secular
university	indian		IND_town_education_lvl3_secular		university_european	IND_town_education_lvl3_secular
university	middle_east		OTT_town_education_lvl3_secular		university_european	OTT_town_education_lvl3_secular
vineyards	european		EU_resource_vineyards_lvl1		vineyards_european	EU_resource_vineyards_lvl1
vineyards	indian		IND_resource_olives_lvl1		vineyards_european	IND_resource_olives_lvl1
vineyards	middle_east		OTT_resource_olives_lvl1		vineyards_european	OTT_resource_olives_lvl1
water-powered_cloth_mill	european			eu_town_ind_lvl3_weavers	water-powered_cloth_mill_european	EU_town_ind_lvl3_weavers
water-powered_cloth_mill	indian			IND_town_ind_lvl3_weavers	water-powered_cloth_mill_european	IND_town_ind_lvl3_weavers
water-powered_cloth_mill	middle_east			ott_town_ind_lvl3_weavers	water-powered_cloth_mill_european	OTT_town_ind_lvl3_weavers
weavers_cottages	european		EU_town_ind_lvl2_weavers		weavers_cottages_european	EU_town_ind_lvl2_weavers
weavers_cottages	indian		IND_town_ind_lvl2_weavers		weavers_cottages_european	IND_town_ind_lvl2_weavers
weavers_cottages	middle_east		OTT_town_ind_lvl2_weavers		weavers_cottages_european	OTT_town_ind_lvl2_weavers
weavers_cottages	tribal		NA_town_craft_lvl02weave		weavers_cottages_tribal	NA_town_craft_lvl02weave
western_artillery_fort	european	fort_town	EU_Fort_lvl4		western_artillery_fort_european	EU_Fort_lvl4
western_artillery_fort	indian	fort_indian_small	IND_Fort_lvl4		western_artillery_fort_european	IND_Fort_lvl4
western_artillery_fort	middle_east	fort_ottoman_small	OTT_Fort_lvl4		western_artillery_fort_european	OTT_Fort_lvl4
wheat_clearances	european			EU_resource_farm_lvl3_wheat	sheep_clearances_european	EU_resource_farm_lvl3_wheat
wheat_clearances	indian			IND_resource_farm_lvl3_wheat	sheep_clearances_european	IND_resource_farm_lvl3_wheat
wheat_clearances	middle_east			Ott_resource_farm_lvl3_wheat	sheep_clearances_european	OTT_resource_farm_lvl3_wheat
wheat_great_estates	european			EU_resource_farm_lvl4_wheat	sheep_great_estates_european	EU_resource_farm_lvl4_wheat
wheat_great_estates	indian			IND_resource_farm_lvl4_wheat	sheep_great_estates_european	IND_resource_farm_lvl4_wheat
wheat_great_estates	middle_east			Ott_resource_farm_lvl4_wheat	sheep_great_estates_european	OTT_resource_farm_lvl4_wheat
wheat_great_royal_palace	european		EU_resource_farm_lvl5_wheat		sheep_great_royal_palace_european	EU_resource_farm_lvl5
wheat_great_royal_palace	indian		IND_resource_farm_lvl5_wheat		sheep_great_royal_palace_european	IND_resource_farm_lvl5
wheat_great_royal_palace	middle_east		Ott_resource_farm_lvl5_wheat		sheep_great_royal_palace_european	OTT_resource_farm_lvl5
wheat_peasant_farms	european			EU_resource_farm_lvl1_wheat	sheep_peasant_farms_european	EU_resource_farm_lvl1_wheat
wheat_peasant_farms	indian			IND_resource_farm_lvl1_wheat	sheep_peasant_farms_european	IND_resource_farm_lvl1_wheat
wheat_peasant_farms	middle_east			Ott_resource_farm_lvl1_wheat	sheep_peasant_farms_european	OTT_resource_farm_lvl1_wheat
wheat_tenanted_farms	european			EU_resource_farm_lvl2_wheat	sheep_tenanted_farms_european	EU_resource_farm_lvl2_wheat
wheat_tenanted_farms	indian			IND_resource_farm_lvl2_wheat	sheep_tenanted_farms_european	IND_resource_farm_lvl2_wheat
wheat_tenanted_farms	middle_east			Ott_resource_farm_lvl2_wheat	sheep_tenanted_farms_european	OTT_resource_farm_lvl2_wheat
wine_estates	european		EU_resource_vineyards_lvl3		wine_estates_european	EU_resource_vineyards_lvl3
wine_estates	indian		IND_resource_olives_lvl3		wine_estates_european	IND_resource_olives_lvl3
wine_estates	middle_east		OTT_resource_olives_lvl3		wine_estates_european	OTT_resource_olives_lvl3
wineries	european		EU_resource_vineyards_lvl2		wineries_european	EU_resource_vineyards_lvl2
wineries	indian		IND_resource_olives_lvl2		wineries_european	IND_resource_olives_lvl2
wineries	middle_east		OTT_resource_olives_lvl2		wineries_european	OTT_resource_olives_lvl2
wooden_artillery_fort	european	fort_euro_wooden	Fort_lvl3		wooden_fort_european	Fort_lvl3
wooden_artillery_fort	indian	fort_euro_wooden	Fort_lvl3		wooden_fort_european	Fort_lvl3
wooden_artillery_fort	middle_east	fort_euro_wooden	Fort_lvl3		wooden_fort_european	Fort_lvl3
